{
  "model": "Qwen3-4B",
  "tokens": 4096,
  "baseline": 12.284532182723085,
  "kvfloat13": {
    "ppl": 12.284671359825317,
    "bits": 13,
    "compress": "18.75%"
  },
  "fp8_e4m3": {
    "ppl": 12.096627967919098,
    "bits": 8,
    "compress": "50%"
  },
  "fp8_e5m2": {
    "ppl": 12.356220151264159,
    "bits": 8,
    "compress": "50%"
  }
}