{
  "model": "Qwen3-4B",
  "tokens": 4096,
  "baseline": 12.284532182723085,
  "kvfloat13_global": {
    "ppl": 12.284671359825317,
    "delta": 0.00013917710223232405
  },
  "kvfloat12_global": {
    "ppl": 13.017243509572904,
    "delta": 0.7327113268498184,
    "window": [
      116,
      131
    ]
  },
  "kvfloat12_perlayer": {
    "ppl": 20.625943373368504,
    "delta": 8.341411190645418
  },
  "per_layer_windows": {
    "L0_key": [
      119,
      134
    ],
    "L0_value": [
      110,
      125
    ],
    "L4_key": [
      117,
      132
    ],
    "L4_value": [
      111,
      126
    ],
    "L8_key": [
      117,
      132
    ],
    "L8_value": [
      112,
      127
    ],
    "L12_key": [
      116,
      131
    ],
    "L12_value": [
      112,
      127
    ],
    "L16_key": [
      115,
      130
    ],
    "L16_value": [
      115,
      130
    ],
    "L20_key": [
      115,
      130
    ],
    "L20_value": [
      113,
      128
    ],
    "L24_key": [
      115,
      130
    ],
    "L24_value": [
      114,
      129
    ],
    "L28_key": [
      115,
      130
    ],
    "L28_value": [
      114,
      129
    ],
    "L32_key": [
      115,
      130
    ],
    "L32_value": [
      116,
      131
    ],
    "L35_key": [
      116,
      131
    ],
    "L35_value": [
      116,
      131
    ]
  }
}