{
  "model": "Qwen3-4B",
  "dataset": "wikitext-2",
  "mode": "decode",
  "max_tokens": 4096,
  "baseline_ppl": 12.284532182723085,
  "kvfloat13": {
    "ppl": 12.284671359825317,
    "delta": 0.00013917710223232405,
    "coverage": 99.99969859182099
  },
  "kvfloat12": {
    "ppl": 48.231688918682956,
    "delta": 35.94715673595987,
    "window": [
      115,
      130
    ],
    "coverage": 99.68789183063272
  }
}