{
  "model": "Qwen3-4B",
  "tokens": 4096,
  "baseline": 12.284532182723085,
  "kvfloat13": 12.300039429271093,
  "packed_10bit": 11.93561562944455,
  "fp8": 12.096627967919098
}